customer_name;customer_judul_komen;customer_judul_komen_url;customer_isi_komen
andy S;Hotel yang nyaman;https://www.tripadvisor.co.id/ShowUserReviews-g790290-d2334628-r750348469-Java_Heritage_Hotel-Purwokerto_Central_Java_Java.html;Salah satu hotel yang terbaik di Purwokerto, banyak fasilitas yg disediakan disini, pilihan kamarnya banyak, untuk kamar yg kami tempati cukup luas dan bersih. Untuk yg suka jalan di pagi hari berkeliling hotel sdh cukup membuat kita lelah tanpa keluar area hotel, pemandangan di rooftopnya, bagus, sarapannya sangat bervariasi dan untuk mencari lokasi makanan di sekitar sangat banyak, terima kasih atas pelayanan yg bagus.
Fabian Hernanda;Keluarga Hernawan;https://www.tripadvisor.co.id/ShowUserReviews-g790290-d2334628-r735550799-Java_Heritage_Hotel-Purwokerto_Central_Java_Java.html;Mobil Delica Hotel Java Heritage Keluarga Endah Hernawan & Hajar Hernawan & Audrey Vialitta Hernanda & Aldy Hernanda & Fabian Hernanda & Rudi Driver Terima Kasih Rudi Dipecat Sopir Fabian Food And Travel Asia
christiandi a;Kamarnya nyaman,kolam renangnya aman;https://www.tripadvisor.co.id/ShowUserReviews-g790290-d2334628-r728425183-Java_Heritage_Hotel-Purwokerto_Central_Java_Java.html;Hotel ini layak jadi pilihan pertama bila anda berkunjung ke kota Purwokerto. Lokasi yang strategis,kamar yang nyaman & kolam renangnya jg aman (terdalam 1,2 m) menjadikan hotel ini layak jadi pilihan.
Fajar Heks;Hotel juara;https://www.tripadvisor.co.id/ShowUserReviews-g790290-d2334628-r725288379-Java_Heritage_Hotel-Purwokerto_Central_Java_Java.html;Hotel juara di purwokerto.... lokasi di tengah , dikelilingi tempat2 makan juara... lot parkir luas... interior yg instagramable dgn nuansa jawa... kamar deluxe yg luas dibanding hotel sekelasnya... pilihan makanan yang lengkap dan lezat... staf yang ramah dan responsif mengatasi keluhan...
Yono Suyono;nyaman dan tenang;https://www.tripadvisor.co.id/ShowUserReviews-g790290-d2334628-r716460202-Java_Heritage_Hotel-Purwokerto_Central_Java_Java.html;kemegahan bangunan dan fasilitas penunjang kadangkala berdiri sendiri namun di sini Java Heritage menyuguhkan lengkap antara kemegahan, kelengkapan fasilitas gedung, kerapihan dan kolam renang menjadi satu dengan view pemandangan yg lepas ke alam, apalagi di balkon paling atas lantai restonya, pemandangan indah gunung Selamet nan agung nun jauh di sebelah utara. Sejuknya udara khas dan menu makanan tradisional yang unik dan menu modern yang lezat menjadikan suasana sarapan menambah semangat tiap hari.
Eduart;Nice place;https://www.tripadvisor.co.id/ShowUserReviews-g790290-d2334628-r703043356-Java_Heritage_Hotel-Purwokerto_Central_Java_Java.html;Very nice and friendly staff Terutama pada saat sampai di sambut oleh security wanita yg saya lupa namanya yang sigap dan menyambut dengan senyum untuk membantu membawakan koper Kesan pertama yg baik tetap pertahankan Recomnded hotel at purwokerto Saran saya agak lebih di rawat peralatan dan perlengkapan yang ada terutama fasilitas shower dan kamar tidur karena sayang kalau tidak menjadi rusak Extra bed tidak nyaman dan terlalu kecil dan tipis Rangka ranjang sudah sangan berkarat dan kotor sekali waktu di bawa ke kamar seperti baru keluar dari gudang setelah 1 tahun di simpan dimana pemesanan sudah di lakukan dari 3 minggu sebelum nya harusnya sudah dipersiapkan di dalam kamar untuk extra bed nya Sehingga tamu tidak perlu melihat betapa kotornya rangka extra bed yg
Eko Setyo Budi;Hotel Mewah Dengan Fasilitas Lengkap di Purwokerto;https://www.tripadvisor.co.id/ShowUserReviews-g790290-d2334628-r691564507-Java_Heritage_Hotel-Purwokerto_Central_Java_Java.html;Saya menginap di Hotel Java Heritage tanggal 19-20 Mei di Hotel ini. Saat check in saya mendapat pengalaman yang unik karena memesan kamar melalui situs tiket.com saya berkesampatan mengikuti undian dengan mengambil bola bola. Kamar hotel ini cukup luas dan nyaman seperti hotel heritage pada umumnya, interior kamar tebuat dari bahan kayu yang unik dan antik. Saat berbuka puasa terdapat menu takjil yang disediakan di lobby hotel. Untuk makan sahur, disediakan berbagai menu makanan baik tradisional maupun western. Fasilitas hotel ini sangant lengkap, ada kolam renang, gym dengan peralatan lengkap dan juga tempat sauna. Bagi saya hotel Java Heritage pilihan pertama jika menginap di Purwokerto.
miemieibnu;Perfect;https://www.tripadvisor.co.id/ShowUserReviews-g790290-d2334628-r687081976-Java_Heritage_Hotel-Purwokerto_Central_Java_Java.html;Kamar yang Luas, kolam renang yang bagus dan Luas, fasilitas fitness Dan sauna yang komplit dan bersih,sarapan yang banyak pilihan serta rasanya enak jatuhcinta sama jamu, dimsum dan ikan dory nya.. View gunung slametnya juga dapet... Petugasnya ramah dan helpfull terutama Security depan lobi yang turun membantu ketika Ada masalah sedikit di mobil kami tempo lalu.. Next time kalo transit dipurwokerto wajib nginap disini kembali. Terimakasih Hotel java heritage. Cuma perlu sedikit perhatian di tempat pembuatan teh dikamar karena banyak semutnya... Over all bagus semua. Tips Cari kamar yang viewnya ke pegunungan atau kolamrenang ya
Ledhi;Makan pagi yang menyenangkan;https://www.tripadvisor.co.id/ShowUserReviews-g790290-d2334628-r686892957-Java_Heritage_Hotel-Purwokerto_Central_Java_Java.html;Hotel bagus, kamarnya luas, pilihan makan pagi yang mewah, kolam renang yang luas, letak hotel yang cukup strategis terhindar dari keramaian, merupakan tempat ideal untuk liburan bersama keluarga dan sahabat
williardi;salah satu hotel terbaik di purwokerto tapi sayang...;https://www.tripadvisor.co.id/ShowUserReviews-g790290-d2334628-r678711840-Java_Heritage_Hotel-Purwokerto_Central_Java_Java.html;hotel ini adalah salah satu hotel kesukaan saya, tapi sayang terakhir menginap nyaris dapat kamar yang non smoking tapi ternyata di pakai tamu smoking, jadi agak ragu nih karena ternyata hotel ini membiarkan tamu merokok di kamar non smoking. breakfast nya juga saat ini tidak se enak biasa nya. agak kecewa tapi masih ok lah. kamar menghadap jalan masih agak berisik.
Yono Suyono;Tidak bisa ke lain hati;https://www.tripadvisor.co.id/ShowUserReviews-g790290-d2334628-r678691857-Java_Heritage_Hotel-Purwokerto_Central_Java_Java.html;Java heritage Sebuah hotel dari Sekian banyak yg sedang menjamur di wilayah Purwokerto.. Parkir luas Dan lobbynya hommy banget Dan ranah.. Kodam renangnya selalu terjaga fresh Dan bersih, Kamarnya luas Banget enak.. Trus breakfast nya komplit plit banyak menunya ditambah pemandangan utuh Gunung Slamet yg jelas penampakannya..
@mamaupay;Perfect;https://www.tripadvisor.co.id/ShowUserReviews-g790290-d2334628-r678447945-Java_Heritage_Hotel-Purwokerto_Central_Java_Java.html;Menginap 1malam dlm rangka mudik. Hotel nyaman, semua fasilitas kamar ok. Banyak spot instagramable dihotel ini. Karyawannya ramah. Ada welcome drink dan gratis parkir keluar masuk hotel. Kebetulan masih puasa, sarapan diganti sahur. Menu sahur lumayan banyak dan memuaskan. Yg penting gak perlu keluar hotel. Dekat alun2 dan gor. Sayang gak bs berenang krn masih puasa ü§≠üòÑ Overall is perfect üòçüëç
ireneruthisabela;Nyaman;https://www.tripadvisor.co.id/ShowUserReviews-g790290-d2334628-r637933638-Java_Heritage_Hotel-Purwokerto_Central_Java_Java.html;Sejauh ini sangat nyaman menginap di hotel ini. Ruang pertemuannya sangat besar. Lokasi cukup strategis, walaupun tidak berada di tengah kota. Parkiran luas. Proses cek in dan cek out juga cepat. Reseptionist tidak mempersulit. Karyawan ramah. Room bersih, hanya saja untuk harga yang relatif mahal, kamar tidak terlalu besar. AC dan shower berfungsi dengan baik. Kamar dan kamar mandi bersih WIFI cenderung lambat TV banyak chanel termasuk chanel anak-anak Breakfast beragam, namun rasa standart Overall puas sih. Terimakasih
karenovera;Ulasan;https://www.tripadvisor.co.id/ShowUserReviews-g790290-d2334628-r618513416-Java_Heritage_Hotel-Purwokerto_Central_Java_Java.html;Waktu dapet kesempatan buat nginep di hotel ini, rasanya gimana gitu. Kamar mandinya sih ngga ada bath tub-nya, tapi kamarnya sendiri udah bagus, terutama kasurnya. Pilihan sarapannya banyak banget, sampe pengin ambil satu-satu buat dibawa ke rumah üòÇ ada kolam renang pula. Hotelnya bagus lah.
Rio D;Hotel terbaik di Purwokerto;https://www.tripadvisor.co.id/ShowUserReviews-g790290-d2334628-r611308018-Java_Heritage_Hotel-Purwokerto_Central_Java_Java.html;Java Heritage merupakan hotel terbaik di purwokerto. Hotel ini memiliki fasilitas swimming pool yang luas dan bersih, kamar relatif besar dengan fasilitas hotel bintang 4. Menu sarapanpagi cukup lengkap. employee hotel ramah dan parkir kendaraan luas.
dewimahadewi;Tadinya favorite tapi enggak lagi;https://www.tripadvisor.co.id/ShowUserReviews-g790290-d2334628-r604840991-Java_Heritage_Hotel-Purwokerto_Central_Java_Java.html;Tadinya java heritage adalah pilihan utama untuk menginap kalau pergi ke Purwokerto, tapi enggak lagi, saya biasa reservasi untuk 2 kamar dekat & akses swimming pool & satu lagi kamar untuk keluarga, saya suka difoto disana & untuk hasil yang bagus saya suka mengajak teman saya untuk fotoin, tapi sekarang ini mereka tidak memperbolehkan saya untuk foto - foto padahal jelas saya stay di sana, dan cara mereka menegur pun tidak sopan, seolah - olah saya hanya numpang foto. Dari sekian banyak hotel yang saya tinggali baru kali ini saya diperlakukan secara tidak menyenangkan. Padahal foto - foto yang diambil dan lalu di posting di social media sangat bagus untuk promosi hotel. Jadi saya memutuskan tidak akan lagi menginap di hotel java heritage.
Idfi P;Best Hotel In Purwokerto;https://www.tripadvisor.co.id/ShowUserReviews-g790290-d2334628-r602829473-Java_Heritage_Hotel-Purwokerto_Central_Java_Java.html;I didn't expect Purwokerto has a huge hotel like Java Heritage Hotel. The room is spacious & clean. The king size bed is really comfortable. The breakfast is rich. Hotelnya tampak mewah. Pelayanan ramah. Kamar luas dan bersih. Wifi gratis. Sarapan banyak pilihan dari jajanan pasar, omelet, hingga berbagai pilihan sereal. Overall, I had a lovely stay at Java Heritage Hotel.
sriahuda;liburan bersama keluarga;https://www.tripadvisor.co.id/ShowUserReviews-g790290-d2334628-r595716018-Java_Heritage_Hotel-Purwokerto_Central_Java_Java.html;java heritage kereeeen, kamarnya luas & bersih , kolam renang bersih , menu sarapan banyak & enak ,, rasanya gak mau pulaaaang deh, yang ke purwokerto mending nginep nya di java heritage , gaak nyesel deeh, , terimakasih java heritage
Aria SC;Hotel strategis dan nyaman untuk keluarga;https://www.tripadvisor.co.id/ShowUserReviews-g790290-d2334628-r586652835-Java_Heritage_Hotel-Purwokerto_Central_Java_Java.html;Hotel ini lokasinya strategis dekat dwngan pusat kota. Ketika masuk area lobby yang sangat besar dan disambut petugas yang Ramah. Kamar ukuran standar juga memiliki luas yang diatas rata rata. Yang jelas hotel ini sangat nyaman untuk berlibur bersama keluarga
Istinganatun K;istirahat nyaman pelayanan memuskan;https://www.tripadvisor.co.id/ShowUserReviews-g790290-d2334628-r585250317-Java_Heritage_Hotel-Purwokerto_Central_Java_Java.html;hotel ini terletak di pusat kota Purwokerto. hotel ini memiliki banyak sekali fasilitas yang nyaman, dekat dengan tempat pusat kuliner dan berbagai macam jajanan, hingga dekat dengan segala macam kebutuhan. intinya, hotel ini menawarkan kenyamanan di tengah tengah pusat kota yang bersahabat.
benny y;Hotel yang paling rekomendasi di Purwokerto;https://www.tripadvisor.co.id/ShowUserReviews-g790290-d2334628-r572058188-Java_Heritage_Hotel-Purwokerto_Central_Java_Java.html;Lokasi di pusat kota. Dekat dengan pusat kuliner. Kesan pertama Hotel yang mewah dan wah. Tapi memang terbukti dengan suasana hotel yang sangat nyaman dengan interior yang apik. Pelayanan dari petugasnya sangat ramah dan selalu siap membantu dengan cepat. Fasilitas sangat lengkap khususnya kolam renang yang nyaman. Makanannya sangat enak dan sangat bervariasi. Sangat di rekomendasikan.
Discover763460;Java heritage hotel;https://www.tripadvisor.co.id/ShowUserReviews-g790290-d2334628-r569506380-Java_Heritage_Hotel-Purwokerto_Central_Java_Java.html;Salah satu hotel mewah bintang 4 yang ada di Purwokerto Mempunyai fasilitas yang lengkap dan membuat nyaman setipa pengunjung Menjadi pilihan menginap artis yang datang ke Purwokerto terletak sekitar 10 menit dari stasiun Purwokerto Free parking Free WiFi Food & Drink Bicycle rental (additional charge)
ida_srini;Hotel Lama, Kamar Luas;https://www.tripadvisor.co.id/ShowUserReviews-g790290-d2334628-r566422764-Java_Heritage_Hotel-Purwokerto_Central_Java_Java.html;Sebelumnya, ketika masih bernama Hotel Dinasty, saya beberapa kali menginap di sini. kemudian berganti nama menjadi Horison dan sekarang Java Heritage. Salah satu kelebihan hotel lama adalah kamar yang luas dan langit-langit tinggi. Saya senang karena bisa early check in.Selain itu, sarapan banyak pilihan mulai dari berbagai roti dan kue, bubur tradisional, jamu, telur, sereal, buah, roti cane, churros, bahkan ada nasi limas dengan lauk sederhana yang enak. Ruang makan juga sangat luas di lantai teratas, lantai 5 dengan pemandangan Gunung Slamet yang bertudung awan. Kolam renang keren. Lebih menyenangkan lagi, saya dapat diskon besar.
Marsyandha Amal... A;Hotel paling bagus di Purwokerto;https://www.tripadvisor.co.id/ShowUserReviews-g790290-d2334628-r566191962-Java_Heritage_Hotel-Purwokerto_Central_Java_Java.html;Aku udah berkali2 ke stay disini. Java Heritage termasuk hotel lokal terbaik di Purwokerto menurutku.Lokasinya juga strategis deket kemana2. Enakk banget tempatnya dari mulai lounge nya, rooftop restaurantnya, gym, dan swimming pool. Tapi air pool terlalu asin jd ga enak kalo lama2 berenangnya. untuk masalah kamar gausah ditanya kamar nya gede, bersih, jendela lebar walaupun ga semua room ada balcony. Wifi juga lumayan kenceng. Kalo breakfast nya wueeenak bgt ada sushi lagi!
williardi;salah satu hotel terbaik di purwokerto;https://www.tripadvisor.co.id/ShowUserReviews-g790290-d2334628-r562262293-Java_Heritage_Hotel-Purwokerto_Central_Java_Java.html;salah satu hotel terlama di purwokerto, setelah di ronavasi total & berganti nama hotel ini tetap salah satu hotel terbaik. kolam renang nya ok, besar & tidak ber angin. kamar cukup luas, sayang nya kasur nya agak berbunyi ketika memindah badan. sarapan nya ok lah, tidak teralu lengkap tetapi lumayan pilihannya. bisa menjadi pilihan yang tepat untuk anda yang berlibur di purwokerto.
Olipe_oile;Hotel Mewah Di Purwokerto;https://www.tripadvisor.co.id/ShowUserReviews-g790290-d2334628-r561412109-Java_Heritage_Hotel-Purwokerto_Central_Java_Java.html;Menginap di awal Desember 2017 satu malam. Proses check in cepat, dan di antar hingga ke kamar, kebetulan dapat kamar dekat kolam renang. Kamar sangat luas, tampak megah, dan bersih. Fasilitas lengkap... Dapat welcome drink yang bisa dipakai hingga pukul 23.00 wib. Menu sarapan sangat beragam dan enak.
Sandersonthe;Kamarnya Besar dan Nyaman;https://www.tripadvisor.co.id/ShowUserReviews-g790290-d2334628-r559110690-Java_Heritage_Hotel-Purwokerto_Central_Java_Java.html;Kamar hotelnya besar dengan jendela besar pemandangan ke tempat parkir. Ada juga cottage di dekat kolam renang. Standart kamar dengan safe deposit box, TV flat (channel terbatas), lemari es kecil dengan isinya (harus bayar), air mineral 2 botol ukuran sedang, perlengkapan mandi tersedia lengkap dan kamar mandi shower. Makan pagi di lantai 5 dan pemandangannya ke kolam renang serta ada teras duduk di luar untuk menikmati pemandangan ke arah pergunungan. Makan pagi cukup beragam makanannya dan enak. Wifi di kamar sangat lambat.
Alek - Indonesian Traders;SEMPURNA!;https://www.tripadvisor.co.id/ShowUserReviews-g790290-d2334628-r547871817-Java_Heritage_Hotel-Purwokerto_Central_Java_Java.html;Untuk kedua kalinya nginap dihotel ini. Hanya satu kata untuk menggambarkan kondisi hotel dan pelayanannya, SEMPURNA! Kebersihan, pelayanan dan layanan dari semua staff sangat baik dan ramah. Menu sarapan pagi yang komplit dan enak! Ke Purwokerto saya akan pilih hotel ini lagi dan rasanya sulit untuk berpindah ke hotel lain üòç #FBSIndonesia #IndonesianTraders #Alek
arya_bayu;Hotel Java heritage atau juga disebut JAHE;https://www.tripadvisor.co.id/ShowUserReviews-g790290-d2334628-r546118108-Java_Heritage_Hotel-Purwokerto_Central_Java_Java.html;hotel Java Heritage purwokerto atau juga disebut hotel JAHE beralamatkan JL. Dokter Angka No. 71, Sukonegara, Purwokerto Timur, Purwokerto, Jawa Tengah 53115 hotel ini hotel bintang 3, untuk fasilitas yang ditwarkan seperti kamar, bersih, bagus, modern, kamar mandi, bersih, bagus, modern, resto bagus designnya, masakannya enak rasanya menu nya fariatif banyak macam yang disajikan parkiran luas untuk ruang rapat ada banyak dan besar banyak vendor yang menggunakan ruang rapat dan hotel ini juga selalu mengadakan acara berskala besar, untuk pelayanannya bagua memuaskan tidak kecewa untuk berkunjung untuk bisnis atau pun berwisata
nyonyajalanjala... b;Staycation;https://www.tripadvisor.co.id/ShowUserReviews-g790290-d2334628-r545157963-Java_Heritage_Hotel-Purwokerto_Central_Java_Java.html;Datang dan di rekomendasi untuk mencoba hotel ini.. pantas untuk jd rekomendasi utama di kota ini karena hotel ini memang bagus, dan nyaman, bersih.. staff nya juga sangat helpfully, dan makanan nya beragam menu yang tentu nya lezat..
Halley C;Perfecto!!!!;https://www.tripadvisor.co.id/ShowUserReviews-g790290-d2334628-r544523274-Java_Heritage_Hotel-Purwokerto_Central_Java_Java.html;Berbicara tentang kota purwokerto terlintas tentang dinginnya kota dan pemandian air panas, hal ini tidak lepas pula dari beberapa penginapan atau hotel yang ada di purwokerto, java heritage adalah hotel dengan konsep yang bagus di mana di kamarnya ada balcony yang memberikan pemandangan gunung jika berada di lantai dasar tak lepas dari teras yang langsung akses ke kolam renang dan sofa teras untuk santai yang luar biasa . Dari sisi makanan berada di rooftop yang memberikan suasan makan yang cozy dan enggan beranjak dari ruangan tersebut. Pantaslah disebut hotel ini penuh kenangan dan memory. Akses kolam renang yang besar dan juga memberikan kenyaman untuk berlama lama di situ. Lokasi parkir juga sangat luas sehingga dari atas keseluruhan fasilitas yang diberikan hotel ini
Lisbet_310183;Menginap di Hotel Java Heritage;https://www.tripadvisor.co.id/ShowUserReviews-g790290-d2334628-r543924340-Java_Heritage_Hotel-Purwokerto_Central_Java_Java.html;Kamarnya besar, bersih dan luas. Ada kulkas. Ada teh dan kopi. Ada ketel masak air panas. Dapat 2 botol minum. Kamar mandi juga luas dan bersih. Tepat tidurnya juga besar dan nyaman. staf ramah. Makanan bervariasi dan rasa cukup enak. Ada kolam renang. Ada safe deposit box.
Jhonson A;Hotel yang nyaman;https://www.tripadvisor.co.id/ShowUserReviews-g790290-d2334628-r542724309-Java_Heritage_Hotel-Purwokerto_Central_Java_Java.html;Hotel Java Heritage merupakan salah satu hotel Premium di Purwokerto. Kota kecil ini berada tepat di kaki Gunung Slamet yang merupakan Gunung berapi tertinggi di Indonesia. Para wisatawan juga bisa mengunjungi salah satu tempat wisata yang sangat terkenal yaitu Baturaden, berjarak hanya 15 km saja. Didukung oleh desain kamar modern serta fasilitas yang sangat beragam seperti kolam renang, pool side bar, dan restaurant, hotel ini bisa membuat rekreasi anda semakin sempurna. Walaupun cuma satu malam, chekin jam 12 malam dan jam 8 pagi sudah mesti chek out lagi. Tapi merasakan enaknya nginap dihotel ini. Menu sarapannya sangat enaaaakkk Mak jusss.....
Mizany I;Tempat yang menyejukkan;https://www.tripadvisor.co.id/ShowUserReviews-g790290-d2334628-r537535339-Java_Heritage_Hotel-Purwokerto_Central_Java_Java.html;lokasi yang berada dibawah kaki gunung slamet dengan background gunung slamet,halaman luas,tanaman2 disekitar hotel begitu segar dan indah,seakan akan menambah kenyamanan yang sudah bersatu jadi satu .
steve2601;Good room and services;https://www.tripadvisor.co.id/ShowUserReviews-g790290-d2334628-r533665593-Java_Heritage_Hotel-Purwokerto_Central_Java_Java.html;Kamar nyaman dan bersih....... sama seperti kunjungan saya sebelumnya di hotel ini mungkin ada sedikit catatan tentang kebersihan terutama di area lorong kamar karpet nya perlu di lakukan pemeliharaan lebih intensif karena terkesan kurang perawatan dan terkesan agak kotor untuk menu breakfast mungkin lebih di perhatikan lagi karena menurut saya lebih baik pada kunjungan saya sebelumnya jadi lebih tolong di perhatikan untuk susunan menu dari breakfast nya Kualitas pelayanan sudah baik tapi tolong d pertahankan keramah tamahan kepada tamu.
Muhammad Ridho F;Pengalaman Bermalam Terbaik;https://www.tripadvisor.co.id/ShowUserReviews-g790290-d2334628-r521539602-Java_Heritage_Hotel-Purwokerto_Central_Java_Java.html;Biasanya cuma lewat tapi akhirnya bisa menginap juga di sini. Hotel yang sudah lama berdiri dan berganti nama beberapa kali ini memang luas banget. Bangunan tidak perlu tinggi menjulang, karena areal yang sangat luas sudah sangat cukup untuk semua fasilitas. Kesannya sangat mewah, elegan, tapi tetap kental mengangkat nilai lokal. Memiliki banyak sekali spot cantik untuk berfoto, gak heran banyak pula yang menjadikan Java Heritage sebagai venue foto pre-wedding dan lain sebagainya. Fasilitas lengkap, minus gym yang kemarin saat saya datang dikabarkan masih belum ready. Selebihnya sih semua sudah ada. Mau spa, lounge, bar, cafe, restaurant, sampai ballroom dan convention center. Kamarnya sendiri pun lebih luas ukurannya dari hotel sekelasnya, dengan fasilitas memadai banget
nurazizahpwt;Hotel Indah;https://www.tripadvisor.co.id/ShowUserReviews-g790290-d2334628-r520413776-Java_Heritage_Hotel-Purwokerto_Central_Java_Java.html;Hotel ditengah kota Purwokerto yang mempunyai fasilitas lengkap, kolam renang yang luas maupun ruang pertemuan dll. Parkir luas. Disekitar timur hotel juga banyak pilihan makanan yang bisa dinikmati dan dipilih.
Wihandharta;Not Bad Place for Transit during Business Trip;https://www.tripadvisor.co.id/ShowUserReviews-g790290-d2334628-r502993140-Java_Heritage_Hotel-Purwokerto_Central_Java_Java.html;Proses yang cepat saat cek in dan FO Staff yang ramah. Kamar nyaman dan bersih Suasana tenang di hari 1 To Be Concern: - Sarapan menu variatif, meski rasa cukup namun akan lebih baik jika lebih diperhatikan lagi mengenai Kualitas Makanan - Perlengkapan kamar mandi (bathfoam) masih harus dimintakan Namun secara overall, layanan cukup ramah dan informatif di semua lini.
daru222;Nama baru dari Horizon Hotel, Dynasti Hotel....;https://www.tripadvisor.co.id/ShowUserReviews-g790290-d2334628-r491130064-Java_Heritage_Hotel-Purwokerto_Central_Java_Java.html;Selama saya domisili di kota Purwokerto, hotel ini sudah tiga kali ganti nama: sejak tahun 1997 dikenal sebagai Dynasti Hotel lalu tahun 2015-an berganti menjadi Horizon Hotel dan terakhir ganti lagi dengan nama Java Heritage Hotel. Hotel ini memang salah satu hotel mewah di 'Kota Mendoan' ini sejajar dengan Aston,Santika dll. Kami dulu sering berenang di kolam renang luar hotel ini yang airnya hangat dengan mendapat soft drink gratis,
Sep Aditya L;the hotel ever in purwokerto;https://www.tripadvisor.co.id/ShowUserReviews-g790290-d2334628-r482396544-Java_Heritage_Hotel-Purwokerto_Central_Java_Java.html;Java haritage hotel merupakan hotel mewah di purwokerto yang bisa memanjakan para pengunjungnya bangunan yang bernuansa haritage merupakan salah satu keunikan hotel ini.tadinya bangunan hotel ini merupakan eks bangunan hotel horison purwokerto.
Jehan P;Hotel yang unik kental dengan nuansa heritage;https://www.tripadvisor.co.id/ShowUserReviews-g790290-d2334628-r475204010-Java_Heritage_Hotel-Purwokerto_Central_Java_Java.html;Hotelnya sangat nyaman, untuk sekelas bintang tiga termasuk yg bagus, pelayanannya ramah dan sopan, kamarnya bersih, kolam renangnya good cocok lah untuk berolahraga di sela sela liburan di purwokerto. Makanan coffe breaknya cukup variatif. Overall good
dian19;BEST HOTEL IN TOWN;https://www.tripadvisor.co.id/ShowUserReviews-g790290-d2334628-r471077231-Java_Heritage_Hotel-Purwokerto_Central_Java_Java.html;Beberapa waktu lalu saya menginap 2 hari di JAVA HERITAGE PURWOKERTO pelayanan yg saya dapatkan sangat memuaskan. Dan saya akan kembali ke hotel tersebut untuk staycation di Purwokerto. Dimulai dari pertama datang para pegawai hotel sangat sigap dan ramah. Ada welcome drink, proses check in jg cepat. Kita menempati kamar deluxe kamarnya luas bgt. Sangat nyaman menginap disini. Debit air cukup deras. Kamar dan kamar mandi jg bersih. Ranjangnya luas. Serba luas. Ada swimming pool yg bikin betah berlama2 berenang, ada cafe jg di swimming poolnya. Untuk sarapan sangat MEMUASKAN. Banyak variasi makanan dan sangat MELIMPAH. Untuk rasa jg lezattttt. Cuma saja yg jadi kekurangan penerangan disekitar lorong hotel redup. Sangat direkomendasikan untuk menginap dihotel ini klo ke
569adrianw;Hotel yang menarik;https://www.tripadvisor.co.id/ShowUserReviews-g790290-d2334628-r470195551-Java_Heritage_Hotel-Purwokerto_Central_Java_Java.html;Saya sangat suka dengan hotel ini. Pelayanan sangat bagus. Pelayanan di restoran juga Ok. Seperti pelayanan di hotel Amplas Jogja. Makanan juga Ok. Kamar juga bagus. Bisa direcommend ke temen - temen. Saya check-in kemarin Sabtu check-out hari ini.
Brrnett;So so for 4 star hotel. Kecewa.;https://www.tripadvisor.co.id/ShowUserReviews-g790290-d2334628-r458208885-Java_Heritage_Hotel-Purwokerto_Central_Java_Java.html;Sebelum memilih Java Heritage Hotel saya ada option lain mau menginap di Aston Hotel, yg sama2 4 star. Berhubung hotel ini terlihat perfect buat relax akhirnya saya pilih stay disini. Frontdesk: saya pesan dihari yg sama pas saya dtv via Agoda dgn rate yg ternyata sedikit lebih mahal daripada pesan langsung. Saya pesan kamar delux. Dan saat checkin saya minta double bed, tp mereka blg gada karna full. Saya tanya ada yg checkout sore hari ini atau engga mrk blg engga. Tp pas malem saya mau pergi dan pesan taksi ada tamu baru dtg mereka ditawarkan mau kamar delux yg twin bed atau double bed. Such a weird hotel! Room: overall oke, celling tinggi jd kelihatan kamarnya luas. Tapi untuk 4star menurut saya byk kurang, karna biasanya mereka ga cm ksh handuk 2. Ini saya dikasih handuk
Dwi Musli Ferly;Hotel Boutique yg Keren;https://www.tripadvisor.co.id/ShowUserReviews-g790290-d2334628-r455087731-Java_Heritage_Hotel-Purwokerto_Central_Java_Java.html;Saya baru pertama kali menginap di htl ini krn dilihat dari namanya bkn htl group internasional maupun nasional dgn mutu dan standard yg baik seperti htl lain yg ada dikota ini.... tapi ternyata saat pertama dtg pelayanannya sangat ramah dan bersahabat, lobbynya yg hangat membuat tdk seperti berasa di hotel kota kecil, kamarnya cukup besar dgn interior yg baik dan kamar mandi yg bersih dan modern.... menu dan ruangan sarapannya cukup enak utk santai dan berlama2 disini apalagi dgn adanya area terbuka dgn kursi2 outdoor dan taman serta kolam ..... secara keseluruhan hotel ini sangat baik dan anda harus mampir apabila berencana bermalam di purwokerto
adninnug;Luar Biasa;https://www.tripadvisor.co.id/ShowUserReviews-g790290-d2334628-r454426450-Java_Heritage_Hotel-Purwokerto_Central_Java_Java.html;Menginap di hotel ini sangat menyenangkan. Staff hotel menyambut kedatangan tamu dengan ramah. Proses check-in dan check-out tidak terlalu cepat. Interior hotel modern dan mewah. Kamar cukup luas dengan fasilitas yang bagus. Menu sarapan beraneka ragam dan rasanya cukup enak. yang paling berkesan di lidah adalah bubur sumsum dan aneka pastry. Secara keseluruhan, hotel ini luar biasa
bayu r;hotel yang nyaman;https://www.tripadvisor.co.id/ShowUserReviews-g790290-d2334628-r452280292-Java_Heritage_Hotel-Purwokerto_Central_Java_Java.html;"menginap disini adalah salah satu solusi jika anda mencari hotel yang asik di purwokerto, dari segi tata ruang yang ""adem"" dan juga menu sarapan yang banyak pilihan, kualitas kamar juga sangat nyaman, di lengkapi dengan kursi santai yang bisa buat nonton tv dengan nyaman ( pilihan lain selain duduk di kasur :p ). AC juga dingin, tapi saran, mending di kasih timer, kalo pas pagi dingin banget ( maklum orang kampung ) belum sempat nyobain kolam renang, karena cuma sehari menginap disini. pilihan hiburan juga tersedia di sebelah hotel, tinggal jalan kaki aja udah nyampe. parkiran juga luas dan di jamin aman ( soalnya pas malem balik dari luar sekuriti masih keliling) overal okelah buat keluarga atau perjalanan kerja. minusnya cuma kalo dapet kamar yang pinggir atau menghadap jalan,"
muhfikhrii;Surprise Place in Purwokerto;https://www.tripadvisor.co.id/ShowUserReviews-g790290-d2334628-r451711693-Java_Heritage_Hotel-Purwokerto_Central_Java_Java.html;Bermalam di Java Heritage Hotel sangat menyenangkan. Pengalaman luar bisa menikmati hotel bergaya Indonesia yang modern. Jangan lupa menyempatkan sarapan sebelum jam 8 pagi, indahnya pemandangan kota Purwokerto menjadi satu pengalaman indah sambil bersantap.
kiannezra;hotel tempat nikahan, mewah dan luas;https://www.tripadvisor.co.id/ShowUserReviews-g790290-d2334628-r450894609-Java_Heritage_Hotel-Purwokerto_Central_Java_Java.html;saya menginap disini karena ada saudara menikah. katanya disini adalah hotel termewah bintang 4 di kotanya. berhubung malas berkendara jauh naik mobil, saya naik kereta. hotelnya sedia antar jemput ke stasiun dan ternyata stasiunnya dekat sekali. sampai ditempat, untuk telepon genggam nyaris semua operator dapet LTE. sejauh saya masuk, lobi luas, kamar luas. kolam renangnya buesarrr banget, ada kolam anak-anak terpisah, ada balon mainan (balon perosotan lorong-lorongan) disamping kolam renang. check in, agak kecewa. pesan sudah cukup lama (3 bulan dimuka) entah kenapa tidak tercatat padahal sudah bayar dimuka. masuk kamar, cek sekeliling. kamar cukup luas untuk harganya. amenities nya pelit (jujur deh itu shampoo sedikit sekali, sabun batang kecil, tidak ada lotion, tidak
Boen Happy T;Fantastic hotel;https://www.tripadvisor.co.id/ShowUserReviews-g790290-d2334628-r450583421-Java_Heritage_Hotel-Purwokerto_Central_Java_Java.html;Hotel dengan lobby yang besar, datang pas desember jd dekorasi natal yg bagus disamping lobby, swimming pool yang cukup besar dan banyak tempat duduknya tuk bersantai, kamarnya luas sekali, bersih, nyaman, shower di kamar mandi juga ada 2 jd bisa tuk anak kecil
lukas n;Java Heritage Hotel hotel titik titik;https://www.tripadvisor.co.id/ShowUserReviews-g790290-d2334628-r440503136-Java_Heritage_Hotel-Purwokerto_Central_Java_Java.html;Saya kehilangan handphone di lobby hotel ini. Namun saya sama sekali tidak dapat mengakses cctv kamera walaupun sudah saya ajukan komplain. Jawaban staf hotel tidak konsisten, pukul 15.30 sore saya ditelpon bahwa cctv sudah dapat dilihat, namun pukul 16.00 saya ditelpon lagi bahwa pihak hotel tidak dapat memperlihatikan cctv. saya curiga, bahwa cctv sebenarnya tidak direkam dengan baik, sehingga pihak hotel tidak dapat menunjukan ke tamu. Dengan ketidakkonsistenan tersebut, saya merasa bahwa hotel ini tidak profesional dalam menjaga keamanan tamu yang menginap. Selain keamanan, kenyamanan tamu pun menjadi prioritas nomor sekian hotel ini. Saya menginap 3 malam pada waktu tingkat occupansi hotel tinggi, namun pihak hotel malah menyewakan lapangan parkirnya untuk membuat event
prihadiyan;Hotel yang berganti nama jadi Java Heritage;https://www.tripadvisor.co.id/ShowUserReviews-g790290-d2334628-r435220121-Java_Heritage_Hotel-Purwokerto_Central_Java_Java.html;Dahulu bernama Horison setelah ganti pemilik menjadi Java Heritage.. Cukup besar ruangan kamarnya dengan harga yang lumayan terjangkau. Berada dekat sekali dengan stasiun Purwokerto dan sekitar lokasi banyak tempat makanan
Steven;Java Heritage Hotel For Now;https://www.tripadvisor.co.id/ShowUserReviews-g790290-d2334628-r423974365-Java_Heritage_Hotel-Purwokerto_Central_Java_Java.html;letak hotel strategis dan dekat kemana-mana. kamarnya juga luas dan nyaman dengan view kolam renang serta gunung juga terlihat, fasilitas dalam kamar dan kamar mandi bagus, saya suka sendal hotelnya ahahaha... Kolam renang luas dan harga menu di cafe tidak mahal. Menu breakfastnya JUARA!! enak dan banyak pilihan, tempe mendoan khas Purwokerto pun ada dan rasanya enaaak. Proses check-in dan check out pun cepat. Thanks Java Heritage Purwokerto
Anggun M;Sweet;https://www.tripadvisor.co.id/ShowUserReviews-g790290-d2334628-r419815047-Java_Heritage_Hotel-Purwokerto_Central_Java_Java.html;Hotel ini ud ganti nama jd Java Heritage , kesan pertama ,comfort banget, parkiran luas, kamar lumayan bersih tp sayang pas saya menginap disana keran air panas tidak berfungsi :( , staf nya ramah , tp staf yg dikolam renang agak menyebalkan sih (menurut saya) . hotel dekat dgn pusat kota. Kolam renang nya bersih..pas kesini lg weekday jd ga terlalu rame deh kolam nya bisa renang bebas. Recomend buat yg mencari nyaman.
Ophee2014;Hotel yang berganti nama menjadi Java Heritage Purwokerto;https://www.tripadvisor.co.id/ShowUserReviews-g790290-d2334628-r414993323-Java_Heritage_Hotel-Purwokerto_Central_Java_Java.html;Hotel bernuansa resort di tengah kota ini kini namanya menjadi Java Heritage Purwokerto. Kamarnya sangat luas, memiliki kolam renang yang luas. Sarapannya cukup enak dan bervariasi, menyajikan kuliner khas Purwokerto, seperti tempe mendoan dan sroto (soto berkuah bumbu kacang). Pengalaman kurang menyenangkan: waktu cek in dan cek out lama
agung_karyanto;Agung Karyanto;https://www.tripadvisor.co.id/ShowUserReviews-g790290-d2334628-r398856470-Java_Heritage_Hotel-Purwokerto_Central_Java_Java.html;Wah Hotel ini bernuansa resort di sebuah kota di dekat kaki gunung Slamet di jawa tengah Kanarnya luas dengan sajian makan pagi terkonversi dengan makan sahur ramadhan. Ternyata menu PURWOKERTO adalah menu asin. Sajian makan an sangat variatif
diansilaen;Istirahat yang menyenangkan;https://www.tripadvisor.co.id/ShowUserReviews-g790290-d2334628-r397081954-Java_Heritage_Hotel-Purwokerto_Central_Java_Java.html;Awal pilih Horison krn pertimbangan kolam renang anak...ternyata kolam nya sangat luas...anak2 saya sangat enjoy. stiap ruangan tercium aroma segar. makanan nya banyak pilihan dan enak. petugas hotel nya pun sangat ramah dan selalu menawari bantuan. kamar bersih dan luas. pokoke betah deh
Li Wahyu;Terjangkau namun mewah;https://www.tripadvisor.co.id/ShowUserReviews-g790290-d2334628-r393430408-Java_Heritage_Hotel-Purwokerto_Central_Java_Java.html;Lokasi strategis di kota Purwokerto. Hotel bersih dan tertata rapi walaupun sedang ada renovasi waktu itu. Kolam renang cukup besar, ada kamar seperti bungalow yang terpisah dari bangunan hotel. Sayangnya tak tersedia menu sarapan vegetarian, mungkin karena belum populer di sini.
karinasetiawan89;Hotel strategis di pusat kota;https://www.tripadvisor.co.id/ShowUserReviews-g790290-d2334628-r390005537-Java_Heritage_Hotel-Purwokerto_Central_Java_Java.html;Kami memilih horison karena letaknya di tengah kota jadi mudah untuk bepergian.. Stafnya juga ramah dan harga kamar relatif terjangkau.. Breakfastnya juga enak dan bervariasi.. Ada balkon di kamar yang langsung view ke pool.. Cukup menyenangkan..
Agus D;Cukup baik pelayanannya;https://www.tripadvisor.co.id/ShowUserReviews-g790290-d2334628-r377304262-Java_Heritage_Hotel-Purwokerto_Central_Java_Java.html;Makanan cukup enak, kamar cukup bersih, luas dan pelayanan ramah. Tempat strategis dan halaman parkir luas. Cocok untuk acara yang mengadakan acara dengan undangan cukup banyak peserta. Harga lumayan standar.
Zulkhaidar S;parkir luas, service memuaskan;https://www.tripadvisor.co.id/ShowUserReviews-g790290-d2334628-r355254520-Java_Heritage_Hotel-Purwokerto_Central_Java_Java.html;dengan kamar balkon yang menhadap kolam renang ternyata mendapat bonus pemandangan gunung slamet yang berselimut awan serta kilasan baturaden di lerengnya dengan kondisi matahari pagi yang cerah setelah malamnya hujan
Nadaamira;salah satu hotel terbaik di purwokerto;https://www.tripadvisor.co.id/ShowUserReviews-g790290-d2334628-r352256614-Java_Heritage_Hotel-Purwokerto_Central_Java_Java.html;pernah saya sekali saat menghadiri seminar di hotel horison, suasanya nyaman, dekat dengan pusat kota, parkir luas, kolam renang bersih dan bagus, kamar cukup luas, nyaman dan bersih. oiya, wifi nya juga lancar. nice one ! :)
MASYKURI;Memanjakan Tamu sepenuh hati;https://www.tripadvisor.co.id/ShowUserReviews-g790290-d2334628-r349030004-Java_Heritage_Hotel-Purwokerto_Central_Java_Java.html;Saya berasal dari kota Makassar dan berada di purwokerto dalam rangka menghadiri Lustrum X (50 tahun) Fakultas Peternakan Universitas Jenderal Soedirman, check in tanggal 12 Feb 2016, kamar hotel sangat luas dan nyaman untuk untuk ukuran deluxe, hotel ini juga dilengkapi dengan fasilitas kolam renang yang luas juga disertai cafe dan resto di pinggirnya sehingga membuat kita nyaman berlama-lama berenang sambil bersantai, kolam ini juga tertata rapih dan mewah serta elegan dengan lighting menawan pada malam hari cocok untuk minum-minum kopi bagi perokok, untuk menu sarapan sangat lezat disertai dengan makanan khas mendoan dan juga jamu tradisional jawa antara lain kunyit asam dan temu lawak, dengan fasilitas tersebut diatas kami sebagai tamu yang datang dari jauh serasa dimanjakan
Nur H;Wisata Baturaden;https://www.tripadvisor.co.id/ShowUserReviews-g790290-d2334628-r348047589-Java_Heritage_Hotel-Purwokerto_Central_Java_Java.html;Wisata batu rade berada di lereng Gunung Slamet sebelah selatan. Tempat ini mempunyai tempat istimewa berupa pemandian air panas. Setelah melalui perjalanan yg melelahkan ke pemadian akan terbayar dengan menyelupkan kaki atau mandi di air hangat. Selain itu saat ini terdapat area serupa kebun binatang yang bisa digunakan untuk rekreasi dan edukasi bagi anak-anak.
dea0ktaviyani;Pelayanan yang ramah;https://www.tripadvisor.co.id/ShowUserReviews-g790290-d2334628-r346789752-Java_Heritage_Hotel-Purwokerto_Central_Java_Java.html;Berlibur di Purwekerto kami menginap di Hotel Horison Purwekerto, hotel yang memberikan pelayanan yang baik dan sangat ramah, para staff dapat membantu kami. dikamar juga tersedia mini bar, kamar yang kami tempati dekat dengan swimming pool dan garden, parkir kendaraan juga cukup luas, dan yang terpenting lokasi juga strategis di pusat kota
Christinemuljono;Liburan di Hotel Horison Purwokerto;https://www.tripadvisor.co.id/ShowUserReviews-g790290-d2334628-r339076530-Java_Heritage_Hotel-Purwokerto_Central_Java_Java.html;Saya memang warga Purwokerto tetapi tidak ada salahnya menginap di Hotel Horison Ultima Purwokerto. Dahulu namanya Hotel Dynasty dan sekarang berubah menjadi Horison. Tempatnya sangat bagus. Ada kolam renangnya yang dibentuk beda. Yang pasti lobby amat enak buat menyenangkan.
AkhmadSNAAle;Hotel tidak sesuai harapan;https://www.tripadvisor.co.id/ShowUserReviews-g790290-d2334628-r335611164-Java_Heritage_Hotel-Purwokerto_Central_Java_Java.html;Saya menginap di horison pada tanggal 28 Desember 2015 bersama anak saya. Saya melihat hotel ini bekas Dynasti dan Hotelnya kurang tertata dengan baik. Yang membuat kecewa adalah Lantai Kamar Hotel tidak Berkarpet. Sikat gigi hanya ada untuk satu orang dan sampo kecil kesannya pelit. Restaurant juga jauh dari bangunan Hotel. Saya tidak puas karena Lantai Kamar tidak Berkarpet. I Give ‚òÜ‚òÜ saja...
anien_andi;Hotel nyaman di Purwokerto;https://www.tripadvisor.co.id/ShowUserReviews-g790290-d2334628-r334732502-Java_Heritage_Hotel-Purwokerto_Central_Java_Java.html;Hotel ini sedang dalam tahap renovasi ketika saya dan keluarga menginap, sehingga kolam renang belum dapat digunakan saat itu. Sarapan cukup banyak pilihan menunya. Petugasnya sangat ramah, bahkan anak saya diajak untuk mewarnai dan menghias donat saat selesai sarapan. Petugas resepsionis saat saya check-in tidak telalu ramah. Kamarnya cukup luas dan nyaman dengan interior yang elegan dan baru. Tempat tidur empuk. Hanya saya mendapat kamar dengan connecting door yang hanya ditutupi bidang seperti kasur/pintu?, sehingga suara dari keluarga lain di kamar sebelah sangat terdengar jelas dari kamar saya. Koridor dari lift menuju kamar sangat sepi sehingga menimbulkan kesan sedikit spooky karena terlalu kosong, mungkin karena sedang dalam tahap renovasi. Namun hotel ini cukup nyaman
rianirawks;Puas;https://www.tripadvisor.co.id/ShowUserReviews-g790290-d2334628-r316179343-Java_Heritage_Hotel-Purwokerto_Central_Java_Java.html;Awalnya tidak memiliki ekspektasi apa-apa. Ternyata, hotel oini memberikan pelayanan yang memuaskan. Saya menginap di kamar Deluxe with Balcony dan kamarnya luas terlebih ceiling yang tinggi memberi kesan lebih luas lagi. Sheet dan sarung bantal bersih dan wangi. Kasur dan bantal juga empuk. Tidak pelit amenities. Kamar mandi luas. Koneksi WiFi kece abis dari kamar hingga lobby masih bisa akses tanpa terputus. Makanan baik sarapan, makan siang, dan malam (kebetulan saya menggunakan ruang meeting) enak dan bervariasi. Khususnya sarapan, Anda bisa menemukan makanan dari Japanese, Indonesia, Chinese dan Western. Kalau saya ke Purwokerto lagi, tentu saya akan kembali menginap di sini. Oh iya, anda bisa mendapatkan layanan jemput dari stasiun hotel gratis sedangkan drop di stasiun
pvsp4svr1;My Honeymoon;https://www.tripadvisor.co.id/ShowUserReviews-g790290-d2334628-r311168210-Java_Heritage_Hotel-Purwokerto_Central_Java_Java.html;Hanimun mendadak saya sengaja memilih di hotel ini. karena cek-in di tanggal sibuk, saya dapat kamar cancel-an dan dilayani dengan baik oleh resepsionis. sayangnya bellboynya kurang sigap. saya harus berjalan cukup jauh ke cottage saya dan tersiksa dengan highheels dengan membawa barang2 sendiri. tukang parkirpun tidak ada sehingga supir saya kesulitan dapat tempat parkir did ekat lobby. begitu juga ketika cekout, harus jalan lagi ke lobby dengan jarak lumayan. mengecewakan sih.. padahal itu harusnya jadi momen terbaik, tapi oleh2 nya kaki yang lecet karena highheels.. hiks.
ewin91;comfy bed;https://www.tripadvisor.co.id/ShowUserReviews-g790290-d2334628-r308774938-Java_Heritage_Hotel-Purwokerto_Central_Java_Java.html;kamar dan bed sangat nyaman. Tersedia smoking floor yg merupakan keharusan buat saya. Breakfast sesuaii harapan karena ada mendoan khas purwokerto. Sayang lokasi sedikit jauh dari pusat kota. Proses booking sedikit terkendala karena alamat email hotel sepertinya habis kuotanya sehingga email konfirmasi dari travel agent terkendala, dan saya harus mengirim ulang emailnya, yg kemudian kembali bouncing (muncul mailer daemon bla bla bla). Sehingga sedikit terlambat cek in, tapi staff sanngat membantu.
Fekum;Goes to Perfecto in Purwokerto;https://www.tripadvisor.co.id/ShowUserReviews-g790290-d2334628-r297743478-Java_Heritage_Hotel-Purwokerto_Central_Java_Java.html;Bersih, nyaman, dan ramah. Tiga point ini rasanya pantas disematkan pada hotel ini. Senyum khas Banyumas dari driver penjemput hotel langsung menyambut, setibanya kami di Stasiun yang jaraknya kurang lebih 4 menit perjalanan menggunakan mobil. Kamar bersih, besar dan elegan. Makanannya, mmh.. lumayan enak. Bagi yang suka bersepeda, hotel ini juga menyediakan moda transportasi kayuh roda dua itu secara gratis lho.
lizasasono11;Bagus, namun masih perlu peningkatan mutu;https://www.tripadvisor.co.id/ShowUserReviews-g790290-d2334628-r292971875-Java_Heritage_Hotel-Purwokerto_Central_Java_Java.html;Kami tiba di hotel menjelang tengah malam, dan staf hotel melayani kami dengan sigap dan ramah. Saat menunggu check-in, seorang staf mengantarkan welcome drink yang hangat, rasanya seperti campuran teh, madu, dan lemon. Nikmat. Proses check-in cepat, kami langsung diantar ke kamar yang besar dan nyaman, dengan jendela besar menghadap ke jalan. Oya, saya juga menyukai selasar yang lebar dan temaram. Interior kamar cukup mewah, biarpun ada detail yang kurang di sana-sini tapi masih oke. Sangat disayangkan, salah satu handuk berbau apek dan dekil. Sangat berlawanan dengan handuk yang satu lagi: wangi dan putih. Entah kenapa bisa demikian. Mungkin staf housekeeping kurang teliti? Selama saya menginap di sini, hanya hal itu yang mengganggu. Yang lainnya oke. Bahkan sarapan pun di
este h;Hotel Dalam perbaikan;https://www.tripadvisor.co.id/ShowUserReviews-g790290-d2334628-r292560707-Java_Heritage_Hotel-Purwokerto_Central_Java_Java.html;Berada di jalan yang lumayan besar dipurwokerto,, lumayan mudah untuk menemukannya, apalagi belum banyak hotel bernama yang memiliki banyak cabang di purwokerto. Dulunya ini hotel Dinasty yang kemudian diambil alih oleh jaringan Horison.bangunan utamanya sudah dibangun sangat modern, kemaren saya menginap di tipe cotage, yang berupa deretan kamar yang memiliki teras sendiritepat di belakang bangunan utama yang baru dibangun, dan sepertinya itu masih bangunan peninggalan hotel dinasty. Untuk menuju kamar tersebut disediKan sepeda ontel yang diparkir rapi didepan lobby hotel. Kitabebas menggunakannya,kalau datang dengan kendaraan pribadi, bisa langsung parkir didepan kamar. Kondisi kamar masih kondisi yang lama, dengan tipe sheet yang masih trlple sheet, dan bathtub yang tidak
Maya M;malam takbiran;https://www.tripadvisor.co.id/ShowUserReviews-g790290-d2334628-r291102912-Java_Heritage_Hotel-Purwokerto_Central_Java_Java.html;hotel ini sdg dalam tahap renovasi besar2an, beberapa bagian hotel seperti pada foto2 sebelumnya sdh tdk ada, kolam renang akan selesai dibangun bulan september ( info dari resrpsionis). kamar yg mengahadap ke pegunungan sdkt lbh besar dan ada balkon, yg menghadap ke jalan raya tdk ada balkon. jangan terkecoh dgn harga yg ditawarkan agoda atau search engine serupa lainnya, karena kenyataan nya reservasi langsung by phone justru lbh murah dan informasi kamar lbh akurat, krn htl ini jg msh menjual type kamar jenis cottage yg notabene sdh jadul, sebaiknya sblm pesan lewat agoda atau apapun, ada baiknya cross check jg ke bagian reservasi nya juga,,
LilikYuwono;pelayanan yg luar biasa ramah;https://www.tripadvisor.co.id/ShowUserReviews-g790290-d2334628-r288665343-Java_Heritage_Hotel-Purwokerto_Central_Java_Java.html;Kamar sangat bersih, luas dan lengkap.. semua karyawan menyapa dan tersenyum. saat menginap sdg ada manager pusat yg sangat ramah.. menu makanan cukup lengkap dan bervariasi.. saran : selain diberikan koran lokal akan lbh baik di beri opsional koran nasional.
Deddi_Dermawan;Hotel Strategis di Pusat Kota Purwokerto;https://www.tripadvisor.co.id/ShowUserReviews-g790290-d2334628-r280270947-Java_Heritage_Hotel-Purwokerto_Central_Java_Java.html;Kami menginap di Hotel Horison Purwokerto pada hari Sabtu 13 Juni 2015, kondisi hotel (bangunan utama) tampak depan seperti masih baru namun ternyata hotel ini dulunya bernama Dynasty Hotel, hal ini saya ketahui setelah saya mendapatkan room yaitu Cottages Deluxe yang berlokasi di samping dan belakang bangunan utama, banyak perlengkapan yang masih menggunakan nama hotel lama (Dynasty Hotel) setidaknya cangkir di kamar kami dan juga tempat merica dan garam di Malabar Restaurant masih menggunakan nama lama (Dinasty Hotel). Untuk kondisi kamar cukup luas dengan kasur ukuran king size dan dilengkapi dengan bath tube, tapi bangunan dan interior dalam seperti sudah cukup lama. Untuk sarapan pagi lokasinya adalah di samping gedung utama yaitu Malabar Restaurant, menunya cukup
Eeng S;Kamar yg lusuh;https://www.tripadvisor.co.id/ShowUserReviews-g790290-d2334628-r276006692-Java_Heritage_Hotel-Purwokerto_Central_Java_Java.html;Saya pesan kamar via booking com, cek in 31/5/15 untuk 1mlm. Pesan kamar harga terendah dapat kamar cottage parkir mobil langsung depan kamar, enak juga sih tapi kecewa, spreinya banyak noda, lusuh , dinding kamar banyak noda jg, peredam pintu conecting buruk saluran tvi ga bagus gambarnya, ternyata harga murah yg pasti hasilnya juga murahan, ga jaminan sama nama brand hotel yg sudah punya nama. Saya pikir tadinya harga promosi,,.... Kenapa ga di jelaskan dari awal yah ?? Supaya pelanggan tidak kecewa...Terimakasih, maaf!!!
mentari_burmana;lama;https://www.tripadvisor.co.id/ShowUserReviews-g790290-d2334628-r251975407-Java_Heritage_Hotel-Purwokerto_Central_Java_Java.html;pelayanannya agak lama mungkin karena hotel baru dan kebersihan tidaklah inisiatif, dibersihkan jika diminta saja dan datangnya pun agak lama. tak cukup sekali meminta room service. untuk hal2 lainnya ya seperti hotel rata2
diciples;average hotel;https://www.tripadvisor.co.id/ShowUserReviews-g790290-d2334628-r250602826-Java_Heritage_Hotel-Purwokerto_Central_Java_Java.html;hotel yg ckup baik utk suatu hotel Baru dengan lokasi yg strategis. pelayanan Cukup memuaskan. namun, service n customer carenya tidaklah bgtu cepat mungkin hal ini krn hotel ini msh terbilang Baru. bangunan yg mencerminkan globalisasi jg tidak mencerminkan letak hotel yg berada pada lingkungan jawa. akan llbih baik jika di buat sprti adat ketimuran.
Ferdyadinata;Bagus;https://www.tripadvisor.co.id/ShowUserReviews-g790290-d2334628-r237361594-Java_Heritage_Hotel-Purwokerto_Central_Java_Java.html;Hotel ini cukup bagus, wifi kencang, tetapi kamar ini tidak dibersihkan jika tdk disuruh padahal saya sdh pencet make up room. Breakfast makanan enak sekali, punya manners. Letak juga terbilang bagus, tdk jauh dri Swalayan Moro. Tetapi, mohon diperbaiki dalam masalah pembersihan Kamar karena suka terlambat
Agnes C;new hotel;https://www.tripadvisor.co.id/ShowUserReviews-g790290-d2334628-r237040287-Java_Heritage_Hotel-Purwokerto_Central_Java_Java.html;hotel ini adalah pugaran dari hotel lama yang bernama hotel dinasty. dari luar, bangunannya sudah banyak di pugar.. jadi terlihat megah dan baru. tapi di bagian dalam, ada sebagian bagian dari hotel yang masi menggunakan perabotan lama... terutama sofa nya. kalu soal kamar... uda baru dan bagus... kebersihan oke. tp karpet di luar ato di jalan nya masi pakai karpet lama. untuk kualitas menginap... saya boleh bilang... kualitas bintang 4...
SakaBudiman;Kamar Baru Direnovasi;https://www.tripadvisor.co.id/ShowUserReviews-g790290-d2334628-r236734361-Java_Heritage_Hotel-Purwokerto_Central_Java_Java.html;Hotel ini termasuk hotel berbintang yang sudah cukup lama di Purwokerto, dan sepertinya masih dalam tahap renovasi. Sebelum ada Aston, inilah hotel terbaik di Purwokerto dan saat ini Horison sedang mengejar ketertinggalannya dari Aston dengan melakukan renovasi. Kamarnya cukup nyaman, sebaiknya saat check in pilihlah kamar yang baru direnovasi. Variasi menu breakfast tidak terlalu banyak tapi masakannya enak.
Nurainynui;kotor;https://www.tripadvisor.co.id/ShowUserReviews-g790290-d2334628-r225065581-Java_Heritage_Hotel-Purwokerto_Central_Java_Java.html;kamar mandi seperti hotel kelas melati yang sudah tidak terawat, AC jelek dan tidak dingin, sarung bantal dan seprai sudah usang alias buluk, ada kutu busuknya di kamar, selimut tipis banget seperti hotel kelas melati, kamar hotelnya benar2 mengecewakan dan tidak sesuai dengan harga tinggi yang di tawarkan
Tulus;Hotel terbaik di Purwokerto;https://www.tripadvisor.co.id/ShowUserReviews-g790290-d2334628-r214624840-Java_Heritage_Hotel-Purwokerto_Central_Java_Java.html;Saya menginap 2 malam bersama keluarga, kami cukup terkesan dan surprise karena ada hotel yang cukup baik dan modern dikota Purwokerto, maklum baru pertama sekali. Hotel ini sepertinya baru direnovasi kamar2nya, sangat bagus, nyaman, dan design room cukup okay utk 4 star hotel. Sayang tidak ada WIFI dan restaurant masih perlu banyak pembenahan. Kalau saya ke Purwokerto, tentu akan menginap di hotel ini.
rangganunez;masih dalam tahap renovasi;https://www.tripadvisor.co.id/ShowUserReviews-g790290-d2334628-r209813735-Java_Heritage_Hotel-Purwokerto_Central_Java_Java.html;Terarik mencoba hotel ini ketika ada tawaran promo dari salah satu situs hotel , ketika sampai sana ternyata konsep hotel ini tidak semua kamar dalam satu bangunan ada juga kamar2 yang terletak diluar disekitar halaman hotel, jadi bisa langsung parkir disebelah kamar (ada juga yg ada garasi mobilnya) tapi bagi yang tidak bawa kendaraan terpaksa harus jalan kaki, ya walaupun tidak terlalu jauh, mungkin karena kemarin sedang ada renovasi jadinya jalannya agak muter2. Kamar lumayan bersih dan luas , tp aga kecewa dengan kamar mandinya yang kurang luas dan tampak tua , mungkin yang diluar2 ini merupakan bangunan lama dari hotel ini. Yang paling saya suka dari hotel ini makanannya termasuk murah dan enak, pagi2 saya coba breakfafst buffet nya walaupun option nya tidak terlalu banyak
lulumali;Nice hotel.... :-);https://www.tripadvisor.co.id/ShowUserReviews-g790290-d2334628-r195834006-Java_Heritage_Hotel-Purwokerto_Central_Java_Java.html;Tanggal 27 Feb kmaren menginap disana... layanan sangat ramah... (ahhhh berasa tamu vip githu) Ternyatanya utk menuju hotel tsb dapat layanan antar jemput menuju dan ke stasiun hanya dengan biaya 25rb saja dng menggunakan avanza... kolam renang masih belum sepenuhnya rampung masih banyak keramik di lantai dasar kolam yg berantakan... tapi aman2 sih saat berenang... breakfastnya enak2... lumayan komplit.. mulai dari jamu sampe salad ada... 
AlxderCalvin;Semoga Lebih Baik!;https://www.tripadvisor.co.id/ShowUserReviews-g790290-d2334628-r181214773-Java_Heritage_Hotel-Purwokerto_Central_Java_Java.html;Saya datang ke Purwokerto tidak di waktu yang tepat, karena bertepatan dengan acara PORPROV (mungkin kepanjangan dari Pekan OlahRaga Provinsi, saya tidak begitu tahu) sehingga semua hotel yang ada penuh dan kamar saya di Horison ini adalah kamar terakhir. Untuk kamar sendiri saya bilang cukup luas, ada sofa, meja dan bathtub. Tetapi karena kamar saya ada di gedung lama, jadi kesannya agak jadul. Kemudian karena di gedung lama pula sinyal dikamar jelek sekali, baik itu HP maupun WiFi. Di kamar saya sinyal HP hanya 1, begitu pula dengan sinyal WiFi. Solusinya, akhirnya saya suka nongkrong di lobby hotel, untungnya lobby hotelnya besar, luas dan nyaman. Kemudian yang ingin saya tekankan adalah masakan di hotel ini. Semuanya enak! Untuk sarapan, menu sarapannya sangat bervariatif
GemiAgung;Hotel yang bagus tetapi tidak istimewa;https://www.tripadvisor.co.id/ShowUserReviews-g790290-d2334628-r159114324-Java_Heritage_Hotel-Purwokerto_Central_Java_Java.html;Ini hotel yang tua. Saya kira lebih mirip sebuah pondok daripada hotel. Ini hotel terbaik di Purwokerto sebelum hotel Aston dibangun. Gambar yang kita lihat di gambar profil masih merupakan rencana pengembangan di masa mendatang. Masih dalam proses. Mungkin setelah pembangunannya selesai, hotel ini akan menjadi hotel yang sangat bagus. Hal bagusnya adalah meski pembangunan sedang berlangsung, saya tidak mendengar suara berisik di malam hari. Untuk saat ini, saya harus memberi skor rata-rata untuk hotel ini. Sarapannya lumayan. Air panasnya bermasalah. Cuma hangat, tidak panas. Kolam renangnya besar. Tempat tidurnya King Koil. Jika Anda membawa mobil, Anda dapat memarkirnya di depan kamar Anda.
Harry S;Panorama pegunungannya luar biasa dan penyanyi di restoran bagus.;https://www.tripadvisor.co.id/ShowUserReviews-g790290-d2334628-r144874192-Java_Heritage_Hotel-Purwokerto_Central_Java_Java.html;Saya sangat puas dengan hotel ini. Harganya sesuai dengan fasilitas yang diterima. Sarapan gratisnya menghidangkan variasi terbaik selama perjalanan saya mengunjungi Asia Tenggara. Saya sangat terkesan dengan penyanyi di restoran saat malam hari. Salah satu penyanyi perempuannya betul-betul tahu cara menyanyikan blues, lebih bagus daripada aksi lounge sejenis di Las Vegas. Saya akan menginap lagi di sini.
Alee Di Vaio;Yang disebut Hotel bintang 4 ternyata ada di bawah standar;https://www.tripadvisor.co.id/ShowUserReviews-g790290-d2334628-r144874194-Java_Heritage_Hotel-Purwokerto_Central_Java_Java.html;Saya memilih hotel bintang 4 ini untuk menginap selama 2 malam karena hotel ini dijuluki sebagai Hotel terbaik di kota. Saya agak kecewa karena di bawah harapan saya. Hotel itu sendiri cukup tua, yang sebelumnya disebut Hotel Dynasty. Kamar yang tidak bersih, furniture tua, sangat membutuhkan renovasi. Agak sulit untuk mencapai lokasi tapi untungnya saya punya GPS handal yang menunjukkan jalan. Jalan diblokir untuk pemeliharaan sehingga perlu mengambil rute alternatif. Sarapan tidak mengesankan, bahkan di bawah standar restoran hotel bintang 3, satu atau dua lalat berkeliaran dengan bebas, mejanya kotor. Kami menghabiskan waktu kadang-kadang berenang di kolam renang, tapi banyak ubin di bagian bawah kolam renang yang rusak, jadi harus ekstra hati-hati. Aspek positif tentang
Amr68id;Bersih dan Murah;https://www.tripadvisor.co.id/ShowUserReviews-g790290-d2334628-r144874197-Java_Heritage_Hotel-Purwokerto_Central_Java_Java.html;Saya hanya transit ketika kembali ke Jakarta, saya mendapatkan hotel yang bersih dan cukup menarik. harganya cukup murah dibanding dengan hotel bintang tiga yang ada di Bandung, saya sangat merekomendasikannya kepada anda.
Richvs1331;Kamar besar dan cukup bersih;https://www.tripadvisor.co.id/ShowUserReviews-g790290-d2334628-r692076975-Java_Heritage_Hotel-Purwokerto_Central_Java_Java.html;Lobi hotel cukup modern dan mewah. Kamar hotel cukup luas dan tempat tidurnya sangat nyaman. Sarapan cukup memadai. Satu-satunya minus adalah handuk hotel yang agak kekuningan dan perlu diubah. Selain itu, semuanya baik-baik saja.
Yoseph L;sangat luas;https://www.tripadvisor.co.id/ShowUserReviews-g790290-d2334628-r498485644-Java_Heritage_Hotel-Purwokerto_Central_Java_Java.html;Hotel yang bagus dengan lokasi yang bagus, dekat dengan pusat kota dan juga dekat dengan daerah Baturaden yang merupakan daerah wisata utama di Purwokerto. Kamar sangat luas dan bersih. Kamar mandi juga bersih. Sarapan sangat baik dengan berbagai baik.
Utet S;Merekomendasikan hotel ini;https://www.tripadvisor.co.id/ShowUserReviews-g790290-d2334628-r491263485-Java_Heritage_Hotel-Purwokerto_Central_Java_Java.html;Saya menginap di sini selama 1 malam. Saya memilih bungalow di depan kolam renang. Kamar agak tua tapi bersih, semua staf sangat membantu dan baik. Makanan yang sangat baik dan bagian yang terbaik adalah kolam renang yang sangat besar dan bersih. Saya sangat menikmati tempat ini. Saya akan kembali dan menginap lagi
Astrid B;sangat bagus, tetapi pada akhirnya mengecewakan;https://www.tripadvisor.co.id/ShowUserReviews-g790290-d2334628-r487189926-Java_Heritage_Hotel-Purwokerto_Central_Java_Java.html;Saudara saya mengejutkan saya dengan memberikan saya sebuah kamar bulan madu di Hotel warisan budaya Jawa. Hotel ini secara keseluruhan bagus, interior, layanan dan semua. Tapi apa yang membuat saya kecewa adalah saat saya melihat kue bulan madu & salam surat, yang diberikan kepada saya adalah nama yang salah, bahkan hanya 1 surat tapi terlalu fatal. Sudah menghubungi Reservasi tapi tidak ada tindak lanjut atau bahkan meminta maaf.
getupandgone;Kemajuan Besar;https://www.tripadvisor.co.id/ShowUserReviews-g790290-d2334628-r481682705-Java_Heritage_Hotel-Purwokerto_Central_Java_Java.html;Ini adalah kali kedua saya menginap di hotel ini (sebelumnya 2015) dan ini adalah jauh lebih baik. Lobi dan area kolam renang yang sangat bagus. Seperti banyak Indonesia sangat ramah staf, terutama orang yang menyambut Anda di pintu. Ia adalah orang yang tepat untuk pekerjaan, itu pasti. Makanan di restoran yang sedikit di sisi yang mahal. Burger dan kentang goreng (yang datang dengan kentang goreng yang 11, btw) seperti banyak karena semua Anda dapat makan prasmanan, yang tampak aneh. Saya tidak akan ragu untuk kembali ke hotel ini atau merekomendasikan hotel ini kepada orang lain. Dari perspektif bisnis, wifi bagus. Jika saya punya waktu, kolam renang tampak sangat mengundang juga!
aurel_utari;Terima kasih;https://www.tripadvisor.co.id/ShowUserReviews-g790290-d2334628-r473483140-Java_Heritage_Hotel-Purwokerto_Central_Java_Java.html;terima kasih untuk semua staf di warisan Jawa layanan Anda sempurna. Warisan budaya Jawa dan memiliki kamar yang baik, pemandangan yang bagus, restoran yang bagus dan kolam renang yang bagus juga. Warisan budaya Jawa yang direkomendasikan hotel untuk orang-orang yang akan mengunjungi Purwokerto.
poeti i;Makanan yang lezat;https://www.tripadvisor.co.id/ShowUserReviews-g790290-d2334628-r470477583-Java_Heritage_Hotel-Purwokerto_Central_Java_Java.html;Warisan budaya Jawa adalah sebuah hotel yang sangat bagus. Saya suka suasana dengan musik gamelan Jawa yang ada. Staf hotel sangat menyenangkan & membantu, termasuk kolam renang yang sangat baik staf yang saya temui. Kamar tidur & kamar mandi adalah bersih, meskipun itu lebih baik jika mereka menambahkan gantungan pakaian di kamar mandi. Apa yang saya suka yang paling adalah makanan. Saya memesan sup buntut, sup Wonton, & mie goreng, mereka semua lezat. Sarapan sangat lengkap, sangat baik disajikan, dan telur adalah luar biasa. Sangat direkomendasikan untuk menginap di hotel ini ketika anda mengunjungi Purwokerto.
Radovan O;Hotel yang fantastis;https://www.tripadvisor.co.id/ShowUserReviews-g790290-d2334628-r461339521-Java_Heritage_Hotel-Purwokerto_Central_Java_Java.html;Akan merekomendasikan hotel ini hanya karena Anda tidak dapat memilih lebih baik di daerah. Staf yang sangat menyenangkan dan manajer sangat bagus dan helfull. Pemandangan dari bar ke Gunung Slamet yang luar biasa jika langit jelas. Akan pasti mengunjungi lagi.
ThyasP;Ruang Yang Bagus;https://www.tripadvisor.co.id/ShowUserReviews-g790290-d2334628-r455341834-Java_Heritage_Hotel-Purwokerto_Central_Java_Java.html;Hotel ini menyediakan sejumlah aula untuk mengadakan beberapa pihak di dekatnya. Tempat ini layak untuk menghabiskan uang untuk menyewa ruang aula. Ketika Anda berjalan melalui hotel, maka Anda akan menemukan Hotel dengan kolam renang
AsiaExpatIndonesia;Bagus sekarang dan memiliki potensi untuk masa depan;https://www.tripadvisor.co.id/ShowUserReviews-g790290-d2334628-r452622267-Java_Heritage_Hotel-Purwokerto_Central_Java_Java.html;Kami melihat beberapa tanda-tanda manajemen baru membuat perbaikan - detail Lukisan dll. - tapi masih ada banyak tanda-tanda di hotel setelah pergi melalui banyak memakai dan air mata, dan itu juga sedikit aneh untuk berbicara dengan kami untuk sedikit terlalu lama (semua staf lain yang sangat baik melalui). Sarapan sangat baik, jika Anda berjalan ke timur ada beberapa pilihan makanan yang layak, kolam renang sangat bagus. Tidak ada yang buruk untuk mengatakan tentang tempat ini, hanya sedikit mengecewakan bahwa 'warisan' hotel lainnya yang kami telah juga sangat istimewa. Tapi yang satu ini adalah hotel yang lain. Kami pikir kami mendapatkan harga di hotel warisan, tetapi akhirnya hanya membayar harga biasa untuk 'mewah' biasa kota kecil hotel
Xonee;Hotel yang bagus untuk keluarga dan benar-benar nilai untuk uang;https://www.tripadvisor.co.id/ShowUserReviews-g790290-d2334628-r451594260-Java_Heritage_Hotel-Purwokerto_Central_Java_Java.html;Pergi ke sana akhir Desember 2016 dan memesan 3 kamar untuk liburan dengan keluarga besar saya. Lokasi yang sebelumnya dikenal sebagai Hotel Horison. Kesan Pertama: fA ade yang modern dan indah, staf yang ramah. Tempat parkir yang besar. Kamarnya luas karena mereka memiliki langit-langit tinggi. Karena ini dianggap sebagai area baru jadi semua terlihat bagus dan sempurna. Hotel harus menjaga fasilitas terawat dengan baik karena meja di kamar sudah tergores. Anak-anak mencintai kolam renang. Ada beberapa tempat kuliner sekitar 5 - 10 menit berkendara dari hotel. Ruang untuk perbaikan pasti akan untuk menu sarapan pagi. Sebagian besar makanan di dalam pendapat saya yang kurang rempah-rempah. Kamar bagus dan lokasi yang sempurna. Saya akan memberikan 5 bintang jika mereka
Pandu W;Hotel yang bagus;https://www.tripadvisor.co.id/ShowUserReviews-g790290-d2334628-r448170910-Java_Heritage_Hotel-Purwokerto_Central_Java_Java.html;hotel yang sangat bagus. Harga yang baik. Kamar, kamar mandi, kolam renang dll yang sangat baik dengan gaya klasik. Banyak pilihan menu untuk sarapan. staf yang sangat membantu. Menurut saya salah satu yang terbaik hotel di kota. Hotel ini menawarkan pemandangan yang sangat indah ke gunung. hotel yang sangat direkomendasikan.
Tony G;Warisan Budaya Jawa Yang Sekarang;https://www.tripadvisor.co.id/ShowUserReviews-g790290-d2334628-r447043287-Java_Heritage_Hotel-Purwokerto_Central_Java_Java.html;Kami mengunjungi warisan Jawa 2016 setelah Natal. Walaupun hotel ini tidak baru, tapi terlihat baru. Kamar luas & tempat parkir. Makanan & minuman yang bervariasi untuk sarapan. Manajemen hotel perlu untuk melihat setelah lantai karpet di koridor. Itu tampak sangat kotor.
Wahyu Hagono;Saat ini mengelola oleh warisan budaya Jawa...;https://www.tripadvisor.co.id/ShowUserReviews-g790290-d2334628-r444618987-Java_Heritage_Hotel-Purwokerto_Central_Java_Java.html;Terletak di tengah Kota Purwokerto, bersaing di 4 kota terbesar di provinsi Jawa Tengah, 4 jam perjalanan dengan kereta eksekutif dari Jakarta. Ini adalah Hotel Horison tapi sekarang di bawah manajemen Jawa warisan budaya dengan lebih baik. Kota tidak memiliki bandara. Bandara terdekat adalah bandara kecil di Jogjakarta atau di Cilacap. proses check in Check out yang cepat dengan staf yang sangat membantu untuk membantu Anda dengan pengaturan. Lobi adalah besar dan ada ruang yang terpisah dengan sofa yang nyaman untuk perokok. Saya menginap di kamar Premiere dengan balkon yang menghadap ke kolam renang dan Gunung Slamet. luas, bersih dan baik perawatan. AC cukup dingin untuk bersantai anda dari Iklim Terpanas di luar. Tempat tidur yang nyaman dan fasilitas yang lengkap. TV
nuradintyo;ini adalah Hotel warisan budaya Jawa yang sekarang tidak Horizons.;https://www.tripadvisor.co.id/ShowUserReviews-g790290-d2334628-r437100841-Java_Heritage_Hotel-Purwokerto_Central_Java_Java.html;Sebelumnya dikenal sebagai Hotel Horison Purwokerto, terletak di pusat kota, hanya 500 m dari persimpangan ke Batu Raden, tidak terlalu jauh dari hotel Aston, hotel ini memiliki sangat besar parkir, sehingga Anda tidak perlu khawatir jika Anda membawa mobil Anda sendiri. Hotel ini memiliki kamar yang luas. Saya memilih kamar yang tersambung di 2 nd lantai dengan pemandangan kota dan parkir di depan hotel, mereka juga memiliki kamar dengan pemandangan kolam renang. kolam renang cukup besar, dengan anak-anak dan orang dewasa dan ada restoran di sebelah kolam renang yang berdampingan. Sarapan, Luar Biasa! Restoran terletak di lantai 5, variasi makanan yang cukup lengkap membuat pagi hari! Dari nasi goreng, bubur ayam, soto, churos, Pancake, Sushi, pilihan rasa, ayam goreng,
348wisnup;Mengejutkan baik hotel;https://www.tripadvisor.co.id/ShowUserReviews-g790290-d2334628-r430864724-Java_Heritage_Hotel-Purwokerto_Central_Java_Java.html;Saya hanya melihat-lihat foto dan ulasan ringkasan ketika saya memilih hotel ini untuk satu malam. Kamar sangat luas untuk tipe deluxe. Hotel ini masih baru di mana karpet adalah bersih dan nyaman. Para pemain piano di lobi memberikan suasana yang besar untuk menginap tapi nyaman. Saya agak kecewa ketika singkat set gamelan tidak bermain. Tidak yakin jika ada jadwal waktu meskipun. Pintu penyambut yang ramah tapi saya pikir staf meja depan perlu lebih... Informasi turis yang tidak ada, saya pikir, dan ini akan membuat kota ini tidak menarik lebih banyak wisatawan.
unthee;Ini Adalah Hotel Warisan Budaya Jawa;https://www.tripadvisor.co.id/ShowUserReviews-g790290-d2334628-r429053835-Java_Heritage_Hotel-Purwokerto_Central_Java_Java.html;Benar-Benar Salah Satu Warisan. Dikelilingi oleh pohon, romantis dan pemandangan kota dari lantai tiga dan dimanjakan dengan staf yang ramah. Mendengar nyanyian burung di pagi hari pertama, Anda akan menemukan banyak isi majalah lokal di prasmanan. Mencoba dim sum untuk Pulihkan tenaga anda dengan berenang di kolam renang setelah keras hari minggu pagi...
Raymond Valiant;Hotel Yang Layak;https://www.tripadvisor.co.id/ShowUserReviews-g790290-d2334628-r400013853-Java_Heritage_Hotel-Purwokerto_Central_Java_Java.html;"Saya menginap selama satu malam di hotel ini. Hotel ini sangat ramah dan kamar yang luas. Tempat parkir besar dan kolam renang yang bagus. Restoran adalah layak, menyajikan hidangan standar, dan untuk sarapan ada yang terkenal ""soto"" (lihat foto) di purwokerto. Staf dan layanan ini juga baik."
Christa Adhi D;Salah satu hotel terbaik di kota!;https://www.tripadvisor.co.id/ShowUserReviews-g790290-d2334628-r399596493-Java_Heritage_Hotel-Purwokerto_Central_Java_Java.html;Kelebihan: # Luas, bersih, dan kamar nyaman (bangunan baru) # Koneksi internet yang baik (wifi) # Tulus & baik mencari receptionis # Akses mudah dari stasiun kereta api # Sangat dekat dari pusat kota/tempat kehidupan malam # Check in yang cepat & check out Menu sarapan standar # # Tempat parkir yang luas Satu berhenti hiburan # (spa, karaoke, klub malam & cafe) Kekurangan: # Agak mahal Secara keseluruhan, tempat ini sangat direkomendasikan untuk menginap di hotel ini. Hotel horison purwokerto (dengan bangunan baru) adalah hotel favorit saya di kota lagi. Saran saya, jangan tinggal di cottage (bangunan tua). Ac dan perabotan sudah tua. Kamar mandi adalah sangat kotor.
Ayu K;kamar yang buruk, sarapan yang baik;https://www.tripadvisor.co.id/ShowUserReviews-g790290-d2334628-r372989682-Java_Heritage_Hotel-Purwokerto_Central_Java_Java.html;"Saya hanya menginap semalam di sini dan mendapat kamar tipe deluxe cottage karena kamar di bangunan penuh. Kesan saya dari kamar yang bersih dan fungsional, tetapi dalam hal asal sana. Kaca kotor, cangkir yang masih menggunakan hotel dynasty, handuk keset sudah tak layak untuk digunakan, keran wastafel juga sangat kotor. untungnya cukup baik sarapan di sini dapat meningkatkan suasana hati saya. makanannya bervariasi, rasanya juga sangat bagus, dan ada ""campur sari"" kelompok di dalam restoran. Saran saya adalah untuk mengganti properti lama di cottage, bukan menggunakan properti dari formly hotel (dinasti)"
Mulyoto P;Resort hotel;https://www.tripadvisor.co.id/ShowUserReviews-g790290-d2334628-r371666121-Java_Heritage_Hotel-Purwokerto_Central_Java_Java.html;Saya menginap di hotel ini dalam renovasi pada waktu itu. Ini adalah sedikit mengganggu, tapi saya dapat melihat sesuatu yang berkembang. Hotel ini merupakan hotel favorit saya setiap kali saya mengunjungi purwokerto, dan kamar favorit saya adalah bungalow dekat dengan kolam renang. Staf yang ramah dan ada hiburan malam hiburan di dalam hotel. Saya berharap dapat melihat tampilan baru setelah renovasi selesai.
CintiaRetno;Hotel yang bagus di kota;https://www.tripadvisor.co.id/ShowUserReviews-g790290-d2334628-r363263496-Java_Heritage_Hotel-Purwokerto_Central_Java_Java.html;Kami mengunjungi purwokerto menjadi rutinitas karena sekarang anak saya belajar di sana. Kami mengunjungi akhir pekan lalu menjadi menginap di horison 3rd. Mengapa kami memilih hotel ini setelah banyak terakhir kali kami mencoba hotel lain untuk menginap. Kamar baru di gedung baru 2 memiliki pemandangan, jangan lupa untuk meminta kolam renang view. Kamar cukup besar, kolam renang dan bar adalah baik, mudah untuk menemukan tempat parkir. Sarapan anda dapat menemukan sarapan gaya amerika, gaya jawa, cina, dan juga beberapa makanan jepang. Secara keseluruhan ok... dan pasti kami akan datang kembali jika kami harus menginap di purwokerto
Irwan_Joe;Dari dinasti ke horison;https://www.tripadvisor.co.id/ShowUserReviews-g790290-d2334628-r360022920-Java_Heritage_Hotel-Purwokerto_Central_Java_Java.html;Ini adalah pertama kalinya saya tinggal di horison, sebelumnya dinasti hotel. Terakhir kali aku tinggal di sini di 2008. Tampilan baru, konsep baru. Kolam renang tidak besar berbentuk bujur sangkar sekarang. Kamar adalah besar saya pikir. Wifi internet adalah gratis dan kecepatan yang baik. Sayangnya, restoran ini tidak siap belum. Saran saya adalah untuk mengganti sabun, sabun cair. unefficient sabun biasa. 90% tamu tidak akan menggunakan ini sampai akhir.
Rachel U;Semoga dapat menjadi lebih baik;https://www.tripadvisor.co.id/ShowUserReviews-g790290-d2334628-r330252252-Java_Heritage_Hotel-Purwokerto_Central_Java_Java.html;Pertama saya pilih di bangunan tua yang indah. Tapi ketika aku memasuki ruangan. Aku merasa tidak nyaman... Ac sudah tua, lampu meja yang sangat bising. Furnitur juga tua... Kemudian aku memutuskan untuk mengupgrade kamar saya ke kamar deluxe premium dan balkon. Kamar yang besar dan luas. Namun, lantai parket butuh perawatan. Tempat tidur dan bantalnya bagus ini. Kamar yang bersih. Di hotel ini juga tersedia fasilitas pengering rambut dan selesai. Staf hotel adalah ramah... Namun, hotel ini perlu menambahkan informasi lebih lanjut arah ke kamar dan dll... Sarapan di @ bangunan lain di kamar hotel... Beragam makanan banyak, tapi rasa tidak terlalu lezat... Kita tidak bisa minta gratis terlambat check-out di hari kerja harga yang saya dapatkan dari resepsionis... Hotel ini
Anu_Singapore;Di atas rata-rata;https://www.tripadvisor.co.id/ShowUserReviews-g790290-d2334628-r326118070-Java_Heritage_Hotel-Purwokerto_Central_Java_Java.html;Kamar yang luas - hotel yang nyaman. Layanan luar biasa dengan sangat cepat check-in dan out. Hotel berada di bawah renovasi pada oktober 2015. Awalnya saya diberikan kamar di sisi di mana itu tidak mungkin untuk beristirahat di hari tapi mereka mengubah dengan penggurdian kamar saya langsung ke sisi lain. Jika anda adalah lampu tidur, waspadalah terhadap musik keras dari akhir pekan itu tidak berakhir sampai melewati 10pm. Hanya periksa dengan mereka tentang renovasi serta hiburan akhir pekan kebisingan, jika itu mengganggu anda. Aku sedang keluar untuk sebagian besar hari, bekerja, dan oleh karena itu hanya malam hiburan yang menggangguku. Kamar tidak dilengkapi dengan besi yang akan dikirimkan kepada anda ketika anda meminta - catatan - jangan meminta papan setrika serta
agus budiman;harga rata-rata;https://www.tripadvisor.co.id/ShowUserReviews-g790290-d2334628-r287041889-Java_Heritage_Hotel-Purwokerto_Central_Java_Java.html;salah satu hotel terbaik di purwokerto dengan parkir yang cukup luas. Kamar di hotel ini terdiri dari lama dan baru satu, yang baru adalah tempat yang lebih baik. Mereka memiliki kolam renang, cheers cafe and convention center (discotheque) yang sering digunakan untuk pesta pernikahan. Sarapan adalah rata-rata.
pleasantinterlude;Baik tetapi dapat ditingkatkan;https://www.tripadvisor.co.id/ShowUserReviews-g790290-d2334628-r207792318-Java_Heritage_Hotel-Purwokerto_Central_Java_Java.html;Tinggal di hotel untuk malam. Kesan pertama adalah besar - gedung tampak baru dan terawat dengan baik. Staf sangat berpengetahuan dan bersedia untuk membantu ketika meminta untuk rekomendasi tentang tempat untuk mengunjungi. Kami mendapat ruang 227, yang benar-benar besar kamar tepat di sebelah lift. Itu tidak memiliki apapun dilihat untuk menawarkan, meskipun. Jendela yang menghadap koridor di belakang kamar lain. Ada hanya dua handuk mandi ditempatkan di kamar mandi. Kertas toilet disediakan tidak cukup juga. Saya tidak yakin jika mereka memiliki apapun handuk tangan atau wajah karena saya bertanya untuk satu dan diberikan handuk mandi lain. Saya diminta untuk meminjam pengering rambut di akhir malam dan mereka kehabisan stock, mengatakan mereka akan memeriksa dan
